Crime Type,2020 Victims,2020 Loss,2020 Percent of Total Victims,2020 Percent of Total Loss,2021 Victims,2021 Loss,2021 Percent of Total Victims,2021 Percent of Total Loss,2021 Annual Percent Change Victims,2021 Annual Percent Change Loss,2022 Victims,2022 Loss,2022 Percent of Total Victims,2022 Percent of Total Loss,2022 Annual Percent Change Victims,2022 Annual Percent Change Loss,2023 Victims,2023 Loss,2023 Percent of Total Victims,2023 Percent of Total Loss,2023 Annual Percent Change Victims,2023 Annual Percent Change Loss,2024 Victims,2024 Loss,2024 Percent of Total Victims,2024 Percent of Total Loss,2024 Annual Percent Change Victims,2024 Annual Percent Change Loss,2025 Victims,2025 Loss,2025 Percent of Total Victims,2025 Percent of Total Loss,2025 Annual Percent Change Victims,2025 Annual Percent Change Loss
Advanced Fee,"3,008"," $ 33,184,114.00 ",2.53%,2.92%,"3,029"," $ 36,464,491.00 ",3.23%,1.92%,0.70%,9.89%,"3,153"," $ 49,322,099.00 ",3.53%,1.50%,4.09%,35.26%,"1,951"," $ 67,923,263.00 ",2.57%,2.03%,-38.12%,37.71%,"1,897"," $ 41,622,868.00 ",1.67%,0.90%,-2.77%,-38.72%,"2,020"," $ 65,877,660.00 ",1.21%,0.88%,6.48%,58.27%
Business Email Compromise (BEC),"3,530"," $ 168,793,903.00 ",2.97%,14.83%,"3,755"," $ 355,805,098.00 ",4.00%,18.76%,6.37%,110.79%,"3,938"," $ 477,342,728.00 ",4.41%,14.51%,4.87%,34.16%,"3,080"," $ 382,372,731.00 ",4.06%,11.41%,-21.79%,-19.90%,"3,300"," $ 385,001,099.00 ",2.90%,8.33%,7.14%,0.69%,"4,566"," $ 568,048,472.00 ",2.73%,7.60%,38.36%,47.54%
Botnet,0, $ -   ,0.00%,0.00%,0, $ -   ,0.00%,0.00%,N/A,N/A,33," $ 120,621.00 ",0.04%,0.00%,N/A,N/A,17," $ 23,142.00 ",0.02%,0.00%,-48.48%,-80.81%,23," $ 14,852.00 ",0.02%,0.00%,35.29%,-35.82%,36," $ 945,812.00 ",0.02%,0.01%,56.52%,6268.25%
Charity,105," $ 629,295.00 ",0.09%,0.06%,0, $ -   ,0.00%,0.00%,-100.00%,-100.00%,0, $ -   ,0.00%,0.00%,N/A,N/A,0, $ -   ,0.00%,0.00%,N/A,N/A,0, $ -   ,0.00%,0.00%,N/A,N/A,126," $ 3,474,668.00 ",0.08%,0.05%,N/A,N/A
Civil Matter,170," $ 1,866,788.00 ",0.14%,0.16%,184," $ 6,530,661.00 ",0.20%,0.34%,8.24%,249.83%,0, $ -   ,0.00%,0.00%,-100.00%,-100.00%,0, $ -   ,0.00%,0.00%,N/A,N/A,0, $ -   ,0.00%,0.00%,N/A,N/A,0, $ -   ,0.00%,0.00%,N/A,N/A
Computer Intrusion,0, $ -   ,0.00%,0.00%,176," $ 4,575,956.00 ",0.19%,0.24%,N/A,N/A,0, $ -   ,0.00%,0.00%,-100.00%,-100.00%,0, $ -   ,0.00%,0.00%,N/A,N/A,0, $ -   ,0.00%,0.00%,N/A,N/A,0, $ -   ,0.00%,0.00%,N/A,N/A
Confidence Fraud / Romance,"6,817"," $ 281,134,006.00 ",5.74%,24.70%,"7,658"," $ 432,081,901.00 ",8.16%,22.78%,12.34%,53.69%,"7,166"," $ 419,768,142.00 ",8.03%,12.76%,-6.42%,-2.85%,"6,740"," $ 356,888,968.00 ",8.88%,10.65%,-5.94%,-14.98%,"7,626"," $ 389,312,356.00 ",6.70%,8.42%,13.15%,9.09%,"10,188"," $ 584,032,745.00 ",6.10%,7.82%,33.60%,50.02%
Credit Card / Check Fraud,"3,195"," $ 20,780,800.00 ",2.69%,1.83%,"3,164"," $ 39,019,072.00 ",3.37%,2.06%,-0.97%,87.77%,"4,956"," $ 61,649,198.00 ",5.55%,1.87%,56.64%,58.00%,"3,182"," $ 37,862,023.00 ",4.19%,1.13%,-35.79%,-38.58%,"3,226"," $ 33,813,267.00 ",2.83%,0.73%,1.38%,-10.69%,"5,200"," $ 71,880,416.00 ",3.11%,0.96%,61.19%,112.58%
Crimes Against Children,58," $ 411,349.00 ",0.05%,0.04%,42, $ 550.00 ,0.04%,0.00%,-27.59%,-99.87%,84," $ 48,373.00 ",0.09%,0.00%,100.00%,8695.09%,26," $ 1,159,939.00 ",0.03%,0.03%,-69.05%,2297.91%,25," $ 231,600.00 ",0.02%,0.01%,-3.85%,-80.03%,0, $ -   ,0.00%,0.00%,N/A,N/A
Data Breach,285," $ 10,148,817.00 ",0.24%,0.89%,158," $ 7,095,746.00 ",0.17%,0.37%,-44.56%,-30.08%,333," $ 17,681,749.00 ",0.37%,0.54%,110.76%,149.19%,336," $ 23,913,130.00 ",0.44%,0.71%,0.90%,35.24%,300," $ 28,546,213.00 ",0.26%,0.62%,-10.71%,19.37%,350," $ 48,555,751.00 ",0.21%,0.65%,16.67%,70.10%
Denial of Service / Telephony Denial of Service ,52," $ 180,447.00 ",0.04%,0.02%,61," $ 119,840.00 ",0.06%,0.01%,17.31%,-33.59%,0, $ -   ,0.00%,0.00%,-100.00%,-100.00%,0, $ -   ,0.00%,0.00%,N/A,N/A,0, $ -   ,0.00%,0.00%,N/A,N/A,0, $ -   ,0.00%,0.00%,N/A,N/A
Employment,"1,867"," $ 16,092,611.00 ",1.57%,1.41%,"1,408"," $ 9,610,615.00 ",1.50%,0.51%,-24.58%,-40.28%,"1,286"," $ 6,403,021.00 ",1.44%,0.19%,-8.66%,-33.38%,"1,079"," $ 6,835,684.00 ",1.42%,0.20%,-16.10%,6.76%,"1,928"," $ 37,882,347.00 ",1.69%,0.82%,78.68%,454.19%,"2,853"," $ 78,712,899.00 ",1.71%,1.05%,47.98%,107.78%
Extortion,"23,100"," $ 18,503,168.00 ",19.44%,1.63%,"5,987"," $ 19,533,187.00 ",6.38%,1.03%,-74.08%,5.57%,"4,285"," $ 15,555,047.00 ",4.80%,0.47%,-28.43%,-20.37%,"5,396"," $ 23,093,451.00 ",7.11%,0.69%,25.93%,48.46%,"12,618"," $ 24,901,693.00 ",11.09%,0.54%,133.84%,7.83%,"9,111"," $ 54,309,050.00 ",5.45%,0.73%,-27.79%,118.09%
Gambling,16," $ 17,450.00 ",0.01%,0.00%,19," $ 20,116.00 ",0.02%,0.00%,18.75%,15.28%,0, $ -   ,0.00%,0.00%,-100.00%,-100.00%,0, $ -   ,0.00%,0.00%,N/A,N/A,0, $ -   ,0.00%,0.00%,N/A,N/A,0, $ -   ,0.00%,0.00%,N/A,N/A
Government Impersonation,"4,159"," $ 45,909,970.00 ",3.50%,4.03%,"3,319"," $ 69,186,858.00 ",3.54%,3.65%,-20.20%,50.70%,"3,425"," $ 136,500,338.00 ",3.84%,4.15%,3.19%,97.29%,"3,517"," $ 179,646,103.00 ",4.63%,5.36%,2.69%,31.61%,"4,521"," $ 208,096,366.00 ",3.97%,4.50%,28.55%,15.84%,"8,628"," $ 413,206,251.00 ",5.16%,5.53%,90.84%,98.56%
Hacktivist,5, $ -   ,0.00%,0.00%,0, $ -   ,0.00%,0.00%,N/A,N/A,0, $ -   ,0.00%,0.00%,N/A,N/A,0, $ -   ,0.00%,0.00%,N/A,N/A,0, $ -   ,0.00%,0.00%,N/A,N/A,0, $ -   ,0.00%,0.00%,N/A,N/A
Harassment / Stalking,0, $ -   ,0.00%,0.00%,0, $ -   ,0.00%,0.00%,N/A,N/A,754," $ 254,659.00 ",0.84%,0.01%,N/A,N/A,568," $ 1,930,347.00 ",0.75%,0.06%,-24.67%,658.01%,696," $ 713,693.00 ",0.61%,0.02%,22.54%,-63.03%,"1,160"," $ 3,134,436.00 ",0.69%,0.04%,66.67%,339.19%
Health Care Related,243," $ 2,652,390.00 ",0.20%,0.23%,74," $ 1,233,632.00 ",0.08%,0.07%,-69.55%,-53.49%,0, $ -   ,0.00%,0.00%,-100.00%,-100.00%,0, $ -   ,0.00%,0.00%,N/A,N/A,0, $ -   ,0.00%,0.00%,N/A,N/A,0, $ -   ,0.00%,0.00%,N/A,N/A
Identity Theft,"7,581"," $ 39,006,465.00 ",6.38%,3.43%,"8,902"," $ 59,022,153.00 ",9.49%,3.11%,17.43%,51.31%,"4,825"," $ 42,653,578.00 ",5.41%,1.30%,-45.80%,-27.73%,"3,010"," $ 34,551,900.00 ",3.97%,1.03%,-37.62%,-18.99%,"4,064"," $ 28,463,106.00 ",3.57%,0.62%,35.02%,-17.62%,"5,359"," $ 48,546,133.00 ",3.21%,0.65%,31.87%,70.56%
Investment,"1,062"," $ 98,040,940.00 ",0.89%,8.61%,"2,104"," $ 239,474,635.00 ",2.24%,12.63%,98.12%,144.26%,"4,661"," $ 990,235,119.00 ",5.22%,30.09%,121.53%,313.50%,"6,443"," $ 1,243,010,600.00 ",8.49%,37.10%,38.23%,25.53%,"9,448"," $ 1,834,242,515.00 ",8.30%,39.67%,46.64%,47.56%,"16,926"," $ 3,519,296,235.00 ",10.13%,47.10%,79.15%,91.87%
IPR / Copyright Counterfeit,552," $ 479,375.00 ",0.46%,0.04%,686," $ 4,954,221.00 ",0.73%,0.26%,24.28%,933.48%,235," $ 203,140.00 ",0.26%,0.01%,-65.74%,-95.90%,152," $ 183,169.00 ",0.20%,0.01%,-35.32%,-9.83%,163," $ 1,076,710.00 ",0.14%,0.02%,7.24%,487.82%,316," $ 4,493,512.00 ",0.19%,0.06%,93.87%,317.34%
Lottery / Sweepstakes / Inheritance,"3,774"," $ 38,804,343.00 ",3.18%,3.41%,"2,607"," $ 53,557,330.00 ",2.78%,2.82%,-30.92%,38.02%,"2,388"," $ 69,845,106.00 ",2.68%,2.12%,-8.40%,30.41%,"1,771"," $ 67,396,206.00 ",2.33%,2.01%,-25.84%,-3.51%,"1,711"," $ 75,897,926.00 ",1.50%,1.64%,-3.39%,12.61%,"2,785"," $ 136,328,519.00 ",1.67%,1.82%,62.77%,79.62%
Malware,287," $ 671,667.00 ",0.24%,0.06%,134," $ 1,177,864.00 ",0.14%,0.06%,-53.31%,75.36%,125," $ 1,851,421.00 ",0.14%,0.06%,-6.72%,57.18%,67," $ 261,144.00 ",0.09%,0.01%,-46.40%,-85.89%,45," $ 187,911.00 ",0.04%,0.00%,-32.84%,-28.04%,138," $ 3,433,325.00 ",0.08%,0.05%,206.67%,1727.10%
Misrepresentation,"4,735"," $ 1,815,552.00 ",3.98%,0.16%,0, $ -   ,0.00%,0.00%,-100.00%,-100.00%,0, $ -   ,0.00%,0.00%,N/A,N/A,0, $ -   ,0.00%,0.00%,N/A,N/A,0, $ -   ,0.00%,0.00%,N/A,N/A,0, $ -   ,0.00%,0.00%,N/A,N/A
Non-Payment / Non-Delivery,"14,534"," $ 40,377,167.00 ",12.23%,3.55%,"13,220"," $ 52,023,580.00 ",14.09%,2.74%,-9.04%,28.84%,"7,985"," $ 51,531,615.00 ",8.95%,1.57%,-39.60%,-0.95%,"6,693"," $ 59,018,965.00 ",8.82%,1.76%,-16.18%,14.53%,"7,646"," $ 76,794,753.00 ",6.72%,1.66%,14.24%,30.12%,"9,743"," $ 127,041,813.00 ",5.83%,1.70%,27.43%,65.43%
Other,"3,259"," $ 49,689,594.00 ",2.74%,4.37%,"2,933"," $ 22,196,542.00 ",3.13%,1.17%,-10.00%,-55.33%,"2,016"," $ 31,410,237.00 ",2.26%,0.95%,-31.26%,41.51%,"1,447"," $ 72,707,042.00 ",1.91%,2.17%,-28.22%,131.48%,"2,017"," $ 111,300,637.00 ",1.77%,2.41%,39.39%,53.08%,"3,001"," $ 153,412,996.00 ",1.80%,2.05%,48.79%,37.84%
Overpayment,"2,196"," $ 11,212,323.00 ",1.85%,0.98%,"1,448"," $ 9,214,129.00 ",1.54%,0.49%,-34.06%,-17.82%,"1,183"," $ 10,977,231.00 ",1.33%,0.33%,-18.30%,19.13%,698," $ 7,496,049.00 ",0.92%,0.22%,-41.00%,-31.71%,527," $ 5,900,921.00 ",0.46%,0.13%,-24.50%,-21.28%,477," $ 8,045,862.00 ",0.29%,0.11%,-9.49%,36.35%
Personal Data Breach,"6,121"," $ 24,641,539.00 ",5.15%,2.16%,"6,189"," $ 103,688,489.00 ",6.59%,5.47%,1.11%,320.79%,"7,849"," $ 127,736,607.00 ",8.80%,3.88%,26.82%,23.19%,"7,333"," $ 109,724,027.00 ",9.66%,3.27%,-6.57%,-14.10%,"9,827"," $ 254,187,196.00 ",8.63%,5.50%,34.01%,131.66%,"11,705"," $ 324,470,413.00 ",7.00%,4.34%,19.11%,27.65%
Phishing / Spoofing,"14,632"," $ 59,716,039.00 ",12.31%,5.25%,"9,767"," $ 28,639,277.00 ",10.41%,1.51%,-33.25%,-52.04%,"8,369"," $ 36,715,205.00 ",9.38%,1.12%,-14.31%,28.20%,"2,856"," $ 3,355,436.00 ",3.76%,0.10%,-65.87%,-90.86%,"23,252"," $ 20,202,521.00 ",20.43%,0.44%,714.15%,502.08%,"48,064"," $ 77,020,936.00 ",28.76%,1.03%,106.71%,281.24%
Ransomware,365," $ 5,332,312.00 ",0.31%,0.47%,365," $ 424,852.00 ",0.39%,0.02%,0.00%,-92.03%,215," $ 210,052.00 ",0.24%,0.01%,-41.10%,-50.56%,175," $ 635,548.00 ",0.23%,0.02%,-18.60%,202.57%,208," $ 43,199.00 ",0.18%,0.00%,18.86%,-93.20%,358," $ 5,644,789.00 ",0.21%,0.08%,72.12%,12966.94%
Re-Shipping,114," $ 588,553.00 ",0.10%,0.05%,76," $ 360,455.00 ",0.08%,0.02%,-33.33%,-38.76%,0, $ -   ,0.00%,0.00%,-100.00%,-100.00%,0, $ -   ,0.00%,0.00%,N/A,N/A,0, $ -   ,0.00%,0.00%,N/A,N/A,0, $ -   ,0.00%,0.00%,N/A,N/A
Real Estate / Rental,"1,882"," $ 50,098,565.00 ",1.58%,4.40%,"1,764"," $ 102,071,631.00 ",1.88%,5.38%,-6.27%,103.74%,"1,862"," $ 135,239,020.00 ",2.09%,4.11%,5.56%,32.49%,"1,498"," $ 65,634,851.00 ",1.97%,1.96%,-19.55%,-51.47%,"1,765"," $ 76,324,236.00 ",1.55%,1.65%,17.82%,16.29%,"2,473"," $ 123,671,936.00 ",1.48%,1.66%,40.11%,62.03%
SIM Swap,0, $ -   ,0.00%,0.00%,0, $ -   ,0.00%,0.00%,N/A,N/A,301," $ 19,515,629.00 ",0.34%,0.59%,N/A,N/A,174," $ 15,148,072.00 ",0.23%,0.45%,-42.19%,-22.38%,205," $ 6,342,329.00 ",0.18%,0.14%,17.82%,-58.13%,222," $ 6,741,791.00 ",0.13%,0.09%,8.29%,6.30%
Tech Support,"9,429"," $ 116,415,126.00 ",7.93%,10.23%,"13,900"," $ 237,931,278.00 ",14.81%,12.55%,47.42%,104.38%,"17,810"," $ 587,831,698.00 ",19.96%,17.86%,28.13%,147.06%,"17,696"," $ 589,759,770.00 ",23.31%,17.60%,-0.64%,0.33%,"16,777"," $ 982,440,006.00 ",14.74%,21.25%,-5.19%,66.58%,"21,334"," $ 1,040,879,243.00 ",12.76%,13.93%,27.16%,5.95%
Terrorism,7, $ -   ,0.01%,0.00%,0, $ -   ,0.00%,0.00%,-100.00%,N/A,0, $ -   ,0.00%,0.00%,N/A,N/A,0, $ -   ,0.00%,0.00%,N/A,N/A,0, $ -   ,0.00%,0.00%,N/A,N/A,0, $ -   ,0.00%,0.00%,N/A,N/A
Terrorism / Threats of Violence ,"1,692"," $ 1,112,825.00 ",1.42%,0.10%,719," $ 361,549.00 ",0.77%,0.02%,-57.51%,-67.51%,0, $ -   ,0.00%,0.00%,-100.00%,-100.00%,0, $ -   ,0.00%,0.00%,N/A,N/A,0, $ -   ,0.00%,0.00%,N/A,N/A,0, $ -   ,0.00%,0.00%,N/A,N/A
Threats of Violence,0, $ -   ,0.00%,0.00%,0, $ -   ,0.00%,0.00%,N/A,N/A,166," $ 376,458.00 ",0.19%,0.01%,N/A,N/A,115," $ 5,128,768.00 ",0.15%,0.15%,-30.72%,1262.37%,111," $ 300,488.00 ",0.10%,0.01%,-3.48%,-94.14%,348," $ 244,840.00 ",0.21%,0.00%,213.51%,-18.52%
Total,"118,832"," $ 1,138,307,493.00 ",100.00%,100.00%,"93,848"," $ 1,896,375,708.00 ",100.00%,100.00%,-21.02%,66.60%,"89,237"," $ 3,290,601,633.00 ",100.00%,100.00%,-4.91%,73.52%,"75,905"," $ 3,350,531,560.00 ",100.00%,100.00%,-14.94%,1.82%,"113,815"," $ 4,623,540,320.00 ",100.00%,100.00%,49.94%,37.99%,"167,139"," $ 7,471,205,663.00 ",100.00%,100.00%,46.85%,61.59%
Descriptors:,Not included in Totals,,,,Not included in Totals,,,,,,Not included in Totals,,,,,,Not included in Totals,,,,,,Not included in Totals,,,,,,Not included in Totals,,,,,
Cryptocurrency / Cryptocurrency Wallet,"9,447"," $ 55,056,901.00 ",7.95%,4.84%,"5,109"," $ 241,143,166.00 ",5.44%,12.72%,-45.92%,337.99%,"9,991"," $ 1,088,330,051.00 ",11.20%,33.07%,95.56%,351.32%,"16,968"," $ 1,653,484,444.00 ",22.35%,49.35%,69.83%,51.93%,"33,369"," $ 2,839,333,197.00 ",29.32%,61.41%,96.66%,71.72%,"42,271"," $ 4,347,081,557.00 ",25.29%,58.18%,26.68%,53.10%
AI Related,0, $ -   ,0.00%,0.00%,0, $ -   ,0.00%,0.00%,N/A,N/A,0, $ -   ,0.00%,0.00%,N/A,N/A,0, $ -   ,0.00%,0.00%,N/A,N/A,0, $ -   ,0.00%,0.00%,N/A,N/A,"3,143"," $ 352,496,231.00 ",1.88%,4.72%,N/A,N/A
Crimes Against Children,0, $ -   ,0.00%,0.00%,0, $ -   ,0.00%,0.00%,N/A,N/A,0, $ -   ,0.00%,0.00%,N/A,N/A,0, $ -   ,0.00%,0.00%,N/A,N/A,0, $ -   ,0.00%,0.00%,N/A,N/A,94," $ 5,806,300.00 ",0.06%,0.08%,N/A,N/A